<?xml version="1.0" encoding="UTF-8"?>
<beans xmlns="http://www.springframework.org/schema/beans"
	xmlns:xsi="http://www.w3.org/2001/XMLSchema-instance"
	xmlns:context="http://www.springframework.org/schema/context"
	xsi:schemaLocation="http://www.springframework.org/schema/beans http://www.springframework.org/schema/beans/spring-beans.xsd
		http://www.springframework.org/schema/context http://www.springframework.org/schema/context/spring-context-4.3.xsd">
     <context:annotation-config></context:annotation-config>
    <!--    <bean id="emp" class="com.cg.spring.core.Employee" init-method="init" destroy-method="destroyBean">
      <constructor-arg name="id" value="123"/>
      <constructor-arg name="name" value="sowji"/>
      <constructor-arg name="salary" value="500000"/>
      </bean> -->
      
       <bean id="manag" class="com.cg.spring.core.Manager">
       <property name="deptno" value="12"/>
       <property name="projname" value="java"/>
       <property name="projcode" value="100"/>
       
       </bean> 
       
       <bean id="cust" class="com.cg.spring.core.beans.Customer" >
       <property name="firstname" value="d"/>
       <property name="lastname" value="sowji"/>
       <property name="addr" ref="add"/> 
       <property name="List">
       <list>
       <ref bean="add"/>
       <ref bean="adr"/>
       </list></property>
       <property name="set">
       <set>
       <ref bean="add"/>
       <ref bean="adr"/>
       </set>
       </property>
       
        <property name="map">
       <map>
       <entry key="1" value-ref="add" />
        <entry key="2" value-ref="adr" />
       </map>
       </property>
       <!-- <constructor-arg name="firstname" value="d"/>
      <constructor-arg name="lastname" value="sowji"/> -->
       
       </bean>
       
       <bean id="add" class="com.cg.spring.core.beans.Address">
        <!--  <property name="city" value="hyderabad"/>
       <property name="state" value="telangana"/>   -->
      <constructor-arg name="city" value="hyderabad"/>
      <constructor-arg name="state" value="telangana"/>
       </bean>
       
       <!-- <bean id="adr" class="com.cg.spring.core.beans.Address">
       <constructor-arg name="city" value="kovvur"/>
      <constructor-arg name="state" value="Andhrapradesh"/> -->
       <bean id="adr" class="com.cg.spring.core.beans.Address">
       <property name="city" value="kovvur"/>
       <property name="state" value="Andhrapradesh"/> 
        </bean>

</beans>
